derf, Bumper Cars, 2, 498652, Mon Jun 12 14:51:18 2023
derf, Bumper Cars, 2, 834086, Mon Jun 12 15:38:02 2023
derf, Bumper Cars, 2, 418002, Mon Jun 12 15:43:36 2023
derf, Roller Coaster, 2, 602337, Sun Jun 18 08:32:17 2023
megatmuhammadzafran, Bumper Cars, 2, 925312, Wed Jun 21 19:35:56 2023
megatmuhammadzafran, Bumper Cars, 2, 929717, Wed Jun 21 19:36:54 2023
megatmuhammadzafran, Bumper Cars, 2, 174157, Wed Jun 21 19:39:41 2023
megatmuhammadzafran, Bumper Cars, 2, 661581, Wed Jun 21 19:40:47 2023
megatmuhammadzafran, Bumper Cars, 1, 211405, Wed Jun 21 19:41:40 2023
megatmuhammadzafran, Bumper Cars, 2, 219897, Wed Jun 21 19:43:25 2023
megatmuhammadzafran, Bumper Cars, 2, 791241, Wed Jun 21 19:44:21 2023
megatmuhammadzafran, Bumper Cars, 2, 163411, Wed Jun 21 19:44:52 2023
